{
  "eval_loss": 0.1471395492553711,
  "eval_accuracy": 0.9699063829787234,
  "eval_macro_f1": 0.9700188455356643,
  "eval_weighted_f1": 0.9700188455356644,
  "eval_macro_precision": 0.9703900116526116,
  "eval_macro_recall": 0.9699063829787234,
  "eval_runtime": 101.9674,
  "eval_samples_per_second": 1152.329,
  "eval_steps_per_second": 36.012,
  "epoch": 5.0
}